Penalty (INR),Max move km,Look-ahead,Contribution change %,Lost jobs change %,Moves per day
0,8,0.0,-0.10741119752217809,-6.59071243149697,58.07142857142857
0,8,0.5,-0.05060676067514258,-5.710989327949234,47.214285714285715
0,8,1.0,-0.08028615699635644,-4.7303143928468465,43.714285714285715
0,12,0.0,0.2573303010320993,-12.604557254110183,89.07142857142857
0,12,0.5,0.3029444452110397,-12.662244014998558,80.07142857142857
0,12,1.0,0.28223138434306794,-10.98932794923565,71.5
0,16,0.0,0.15335133816090085,-11.984424574560137,87.64285714285714
0,16,0.5,0.19924407321110227,-12.301701759446203,78.64285714285714
0,16,1.0,0.0670645409859949,-10.455725411018168,72.07142857142857
20,8,0.0,-0.5297581251576866,-12.37381021055668,131.07142857142858
20,8,0.5,-0.36490732228324774,-11.65272569945197,112.92857142857143
20,8,1.0,-0.5272658833964106,-10.419671185462931,124.78571428571429
20,12,0.0,-0.6151060461150104,-25.728295356215746,205.35714285714286
20,12,0.5,-0.40422151543469953,-23.240553792904528,177.71428571428572
20,12,1.0,-0.48726577882030053,-20.904239976925297,177.71428571428572
20,16,0.0,-0.7030008803708188,-26.348428035765792,204.35714285714286
20,16,0.5,-0.41786925540766573,-23.687626189789444,174.92857142857142
20,16,1.0,-0.6213540263460104,-20.73117969426017,175.35714285714286
40,8,0.0,-0.8707289120489237,-13.59244303432362,177.85714285714286
40,8,0.5,-0.7505666283700863,-13.58523218921257,164.42857142857142
40,8,1.0,-0.9011426573381165,-12.618978944332271,187.0
40,12,0.0,-1.5204778565090615,-28.807326218632824,266.5
40,12,0.5,-1.1662542848207447,-27.35794635131238,243.78571428571428
40,12,1.0,-1.2126265159083327,-24.935102394000573,253.42857142857142
40,16,0.0,-1.4891376211744078,-30.09806749351024,261.42857142857144
40,16,0.5,-1.2878975411971472,-28.43236227285838,241.57142857142858
40,16,1.0,-1.2536854719111368,-24.661090279780794,247.0
